id;name;description
9fa3a6e3-ac84-4247-89da-7e042f654df7;corps enseignant environ;../fake-data/blob/hipster.txt
c52b371c-5a35-4676-9a31-04d449032868;tandis que terriblement;../fake-data/blob/hipster.txt
d49bef96-13be-402a-ab38-e49a6ed0fc3c;consommer de sorte que d’autant que;../fake-data/blob/hipster.txt
fc03188c-23b4-469f-af31-2f8e458917f0;mélancolique derrière lier;../fake-data/blob/hipster.txt
aa03ac65-c7e2-4f65-a80c-fa4f4a5a33de;pas mal;../fake-data/blob/hipster.txt
ba028d43-331b-40ea-a330-bee4ba283468;large considérable émerger;../fake-data/blob/hipster.txt
173ab4dc-3c87-49ae-8c3d-89495374afe3;raconter adversaire;../fake-data/blob/hipster.txt
2fb87a87-51d9-40d4-a61e-1296069371e8;dring aux alentours de devant;../fake-data/blob/hipster.txt
a3251b3e-be3c-4451-8d3b-34bd6099767b;vraiment;../fake-data/blob/hipster.txt
0d5aecbf-b671-4f4a-b7af-aae922621875;hisser;../fake-data/blob/hipster.txt
